,lengthscale-1,lengthscale-2,outputscale,noise
0,1.0202013,1.0202013,0.9801986813545227,0.9801986813545227
